Timestamp,Open,High,Low,Close,Volume
2017-08-17 04:00:00,301.13,302.57,298.0,301.61,125.66877
2017-08-17 05:00:00,301.61,303.28,300.0,303.1,377.67246
2017-08-17 06:00:00,302.4,304.44,301.9,302.68,303.86672
2017-08-17 07:00:00,302.68,307.96,302.6,307.96,754.7451
2017-08-17 08:00:00,307.95,309.97,307.0,308.62,150.75029
2017-08-17 09:00:00,308.62,312.0,308.62,310.0,469.27879
2017-08-17 10:00:00,310.0,310.97,308.54,309.3,284.3914
2017-08-17 11:00:00,308.3,310.68,307.78,308.95,273.2904
2017-08-17 12:00:00,308.95,310.51,307.98,308.62,401.79278
2017-08-17 13:00:00,308.62,309.72,307.77,309.4,310.58042
2017-08-17 14:00:00,307.77,308.71,305.49,306.5,710.25965
2017-08-17 15:00:00,306.5,308.76,303.56,307.06,459.41982
2017-08-17 16:00:00,307.74,312.18,298.21,308.0,596.81077
2017-08-17 17:00:00,308.0,308.33,303.98,308.33,191.94856
2017-08-17 18:00:00,308.33,311.53,298.96,309.1,203.6548
2017-08-17 19:00:00,309.1,309.84,301.6,301.6,215.63779
2017-08-17 20:00:00,301.6,309.4,299.01,304.79,272.42251
2017-08-17 21:00:00,304.79,309.4,304.04,307.44,330.54526
2017-08-17 22:00:00,308.57,310.74,303.44,306.74,368.36785
2017-08-17 23:00:00,306.74,310.85,302.0,302.0,229.6062
2017-08-18 00:00:00,302.0,306.2,297.4,301.19,501.26558
2017-08-18 01:00:00,300.08,305.55,295.19,298.73,374.41661
2017-08-18 02:00:00,298.73,304.7,298.73,300.52,208.96849
2017-08-18 03:00:00,300.05,306.47,300.05,301.4,605.93251
2017-08-18 04:00:00,301.4,302.95,298.41,301.8,444.33795
2017-08-18 05:00:00,301.8,305.92,300.0,304.7,525.33357
2017-08-18 06:00:00,304.7,307.0,303.21,307.0,356.1222
2017-08-18 07:00:00,307.0,309.49,305.23,306.24,406.73244
2017-08-18 08:00:00,306.24,310.85,303.79,304.23,313.23742
2017-08-18 09:00:00,304.23,307.72,303.22,304.71,306.05941
2017-08-18 10:00:00,304.73,311.06,304.73,308.88,332.5643
2017-08-18 11:00:00,308.88,311.79,306.27,307.78,261.1517
2017-08-18 12:00:00,307.78,310.29,305.73,308.47,388.17208
2017-08-18 13:00:00,307.17,309.66,301.3,303.22,357.19041
2017-08-18 14:00:00,303.22,303.22,296.32,298.52,398.64644
2017-08-18 15:00:00,298.52,300.99,297.32,298.8,214.98578
2017-08-18 16:00:00,298.8,301.11,295.64,299.21,403.96386
2017-08-18 17:00:00,297.5,299.21,293.18,295.53,359.12225
2017-08-18 18:00:00,295.53,298.25,289.75,289.75,412.39491
2017-08-18 19:00:00,289.75,295.6,287.37,293.83,445.23397
2017-08-18 20:00:00,295.46,295.46,288.25,291.87,748.21537
2017-08-18 21:00:00,291.87,291.87,283.94,286.3,602.03512
2017-08-18 22:00:00,288.01,294.19,284.02,293.74,477.84453
2017-08-18 23:00:00,293.74,294.18,289.97,293.96,93.91956
2017-08-19 00:00:00,293.31,297.15,293.31,295.44,86.0015
2017-08-19 01:00:00,297.15,298.2,294.24,297.19,41.96377
2017-08-19 02:00:00,297.19,299.84,296.56,299.84,87.48968
2017-08-19 03:00:00,298.64,298.64,292.83,293.22,66.73802
2017-08-19 04:00:00,294.69,297.19,291.87,291.87,42.9926
2017-08-19 05:00:00,297.17,299.9,291.87,293.23,35.01324
2017-08-19 06:00:00,293.69,295.56,289.02,289.02,45.0222
2017-08-19 07:00:00,289.02,292.17,287.01,290.16,112.26406
2017-08-19 08:00:00,290.16,290.16,287.0,288.4,148.37539
2017-08-19 09:00:00,287.66,293.17,287.66,290.3,228.92457
2017-08-19 10:00:00,291.36,292.24,283.58,287.14,447.45268
2017-08-19 11:00:00,285.97,287.15,278.0,282.58,314.27781
2017-08-19 12:00:00,281.39,290.85,279.56,290.85,166.32417
2017-08-19 13:00:00,290.16,290.16,286.36,286.36,20.94515
2017-08-19 14:00:00,285.5,288.64,283.0,283.0,13.81812
2017-08-19 15:00:00,283.88,288.64,283.01,288.64,87.2125
2017-08-19 16:00:00,288.64,290.16,286.12,286.14,61.94884
2017-08-19 17:00:00,286.19,293.15,284.16,293.15,11.12991
2017-08-19 18:00:00,294.33,295.0,288.95,295.0,41.13882
2017-08-19 19:00:00,292.64,293.38,291.99,293.31,13.16832
2017-08-19 20:00:00,290.6,291.85,288.8,290.31,13.80734
2017-08-19 21:00:00,289.9,293.25,289.9,293.25,25.0304
2017-08-19 22:00:00,293.25,294.9,290.91,290.91,35.15864
2017-08-19 23:00:00,290.91,290.91,290.91,290.91,0.0
2017-08-20 00:00:00,289.41,292.42,286.91,287.0,15.54493
2017-08-20 01:00:00,287.4,290.87,285.96,289.94,17.24852
2017-08-20 02:00:00,289.94,292.42,287.66,292.42,32.59927
2017-08-20 03:00:00,292.42,292.42,289.47,292.41,3.0082
2017-08-20 04:00:00,287.97,288.31,287.97,288.3,6.65904
2017-08-20 05:00:00,285.39,293.15,285.39,292.17,42.89756
2017-08-20 06:00:00,292.17,293.15,289.0,293.12,35.00818
2017-08-20 07:00:00,293.1,295.56,287.87,292.08,167.6975
2017-08-20 08:00:00,293.02,295.98,282.85,295.98,159.52169
2017-08-20 09:00:00,292.59,295.96,292.59,295.96,4.86604
2017-08-20 10:00:00,295.97,296.89,293.43,295.51,24.8355
2017-08-20 11:00:00,292.59,295.51,292.59,295.0,51.53645
2017-08-20 12:00:00,295.0,296.92,294.29,296.92,57.35344
2017-08-20 13:00:00,296.39,296.39,292.28,293.41,6.09547
2017-08-20 14:00:00,294.25,294.25,294.25,294.25,3.9
2017-08-20 15:00:00,295.16,295.16,295.1,295.1,0.01579
2017-08-20 16:00:00,295.1,297.92,293.28,296.46,74.02462
2017-08-20 17:00:00,296.46,298.79,293.63,296.88,100.71171
2017-08-20 18:00:00,296.88,300.53,295.89,298.57,41.00621
2017-08-20 19:00:00,298.57,298.57,294.91,297.88,145.82441
2017-08-20 20:00:00,297.87,297.88,294.51,297.27,260.07005
2017-08-20 21:00:00,297.27,298.3,295.19,298.13,353.55114
2017-08-20 22:00:00,298.13,299.52,297.6,298.19,422.41153
2017-08-20 23:00:00,297.68,300.53,297.19,299.1,483.75146
2017-08-21 00:00:00,299.1,300.9,295.76,300.7,370.66684
2017-08-21 01:00:00,300.7,300.7,294.6,299.0,213.50155
2017-08-21 02:00:00,299.0,299.0,294.6,297.51,71.7529
2017-08-21 03:00:00,299.0,299.85,297.12,299.85,67.88466
2017-08-21 04:00:00,300.03,304.83,299.11,303.91,275.6582
2017-08-21 05:00:00,303.91,314.28,303.91,314.05,256.5098
2017-08-21 06:00:00,314.05,329.49,313.28,321.79,232.70889
2017-08-21 07:00:00,320.28,325.3,313.0,318.5,123.69424
2017-08-21 08:00:00,317.48,324.3,312.75,318.72,21.51
2017-08-21 09:00:00,317.86,318.27,314.98,317.29,23.53728
2017-08-21 10:00:00,317.29,325.3,316.77,321.21,85.346
2017-08-21 11:00:00,318.99,333.66,312.6,331.53,76.98358
2017-08-21 12:00:00,331.33,331.33,325.42,331.3,94.82266
2017-08-21 13:00:00,331.3,346.52,329.41,346.52,402.39209
2017-08-21 14:00:00,344.38,345.31,328.68,334.17,379.94648
2017-08-21 15:00:00,334.17,338.34,329.47,334.94,350.27902
2017-08-21 16:00:00,334.34,338.34,333.25,338.33,276.92293
2017-08-21 17:00:00,337.95,342.72,330.8,332.33,509.09007
2017-08-21 18:00:00,332.12,333.63,316.82,316.82,503.65311
2017-08-21 19:00:00,328.47,332.33,327.7,329.71,425.40661
2017-08-21 20:00:00,332.27,332.74,320.88,325.28,289.46359
2017-08-21 21:00:00,324.05,326.8,318.42,326.79,58.45958
2017-08-21 22:00:00,325.79,325.79,318.45,318.45,29.83539
2017-08-21 23:00:00,318.25,323.29,316.12,323.29,79.41995
2017-08-22 00:00:00,321.04,330.41,318.72,323.04,406.3495
2017-08-22 01:00:00,323.04,325.07,302.27,309.97,169.73213
2017-08-22 02:00:00,309.96,315.2,301.4,312.99,143.49091
2017-08-22 03:00:00,310.0,317.68,280.0,280.0,90.0427
2017-08-22 04:00:00,144.21,309.03,144.21,287.0,149.91376
2017-08-22 05:00:00,287.0,303.0,279.96,279.96,28.29975
2017-08-22 06:00:00,302.99,310.24,285.69,305.37,228.01188
2017-08-22 07:00:00,305.37,305.37,294.38,300.35,301.2471
2017-08-22 08:00:00,300.35,302.26,296.0,299.82,516.27772
2017-08-22 09:00:00,301.09,310.24,300.3,308.33,557.58036
2017-08-22 10:00:00,308.33,313.16,305.4,310.24,537.67538
2017-08-22 11:00:00,309.4,312.93,306.97,308.03,564.59159
2017-08-22 12:00:00,311.16,311.24,304.53,311.23,671.88512
2017-08-22 13:00:00,306.66,310.27,306.65,307.08,404.77411
2017-08-22 14:00:00,307.08,309.53,301.48,305.48,393.09732
2017-08-22 15:00:00,305.48,309.85,304.88,308.39,287.07405
2017-08-22 16:00:00,305.08,320.24,305.08,317.74,455.53867
2017-08-22 17:00:00,316.24,320.76,312.0,312.07,247.04944
2017-08-22 18:00:00,313.99,315.25,309.6,310.77,378.0474
2017-08-22 19:00:00,310.77,314.83,307.03,307.03,223.61559
2017-08-22 20:00:00,307.03,312.0,305.66,310.19,251.25776
2017-08-22 21:00:00,310.27,311.99,305.08,309.16,277.13507
2017-08-22 22:00:00,309.16,313.1,309.16,310.61,302.25672
2017-08-22 23:00:00,310.61,313.99,306.9,309.8,371.40685
2017-08-23 00:00:00,312.25,313.99,309.41,312.45,202.93145
2017-08-23 01:00:00,310.56,314.82,310.56,312.67,170.0743
2017-08-23 02:00:00,314.8,316.27,312.66,314.15,482.22957
2017-08-23 03:00:00,315.71,319.78,312.98,317.26,233.09815
2017-08-23 04:00:00,315.45,324.99,315.45,323.0,432.60958
2017-08-23 05:00:00,320.73,323.26,316.51,316.74,262.04246
2017-08-23 06:00:00,316.74,323.29,315.35,322.1,435.21335
2017-08-23 07:00:00,319.77,323.3,318.04,319.06,246.19782
2017-08-23 08:00:00,319.06,323.19,318.02,322.07,390.97267
2017-08-23 09:00:00,319.74,324.51,319.74,320.74,312.13542
2017-08-23 10:00:00,320.74,324.21,319.73,319.74,260.26644
2017-08-23 11:00:00,319.74,323.07,318.95,319.2,322.4995
2017-08-23 12:00:00,319.2,322.0,313.75,316.96,598.91827
2017-08-23 13:00:00,316.96,318.96,314.5,316.0,686.70237
2017-08-23 14:00:00,315.04,318.96,313.81,318.29,514.84876
2017-08-23 15:00:00,317.06,319.32,315.53,319.2,305.91619
2017-08-23 16:00:00,317.87,319.21,315.53,318.85,790.83539
2017-08-23 17:00:00,318.39,320.32,317.19,318.47,269.24306
2017-08-23 18:00:00,318.48,321.29,318.25,318.3,253.30139
2017-08-23 19:00:00,321.19,322.34,316.73,318.57,322.11689
2017-08-23 20:00:00,318.57,320.2,312.05,313.75,481.54407
2017-08-23 21:00:00,314.74,319.47,314.66,316.68,239.65437
2017-08-23 22:00:00,318.12,318.62,313.78,316.74,203.49297
2017-08-23 23:00:00,316.74,319.47,315.45,315.74,248.88125
2017-08-24 00:00:00,315.74,318.45,314.4,317.44,280.73305
2017-08-24 01:00:00,315.52,318.45,314.01,315.08,316.04429
2017-08-24 02:00:00,315.08,318.44,314.06,315.05,190.08968
2017-08-24 03:00:00,315.05,318.44,315.04,315.22,274.30696
2017-08-24 04:00:00,315.22,319.47,314.31,316.45,256.61959
2017-08-24 05:00:00,316.46,322.36,316.14,318.0,321.99605
2017-08-24 06:00:00,319.57,320.53,316.15,320.53,296.71128
2017-08-24 07:00:00,320.53,321.14,317.53,318.54,198.749
2017-08-24 08:00:00,318.54,321.07,318.54,320.32,289.02874
2017-08-24 09:00:00,320.32,322.0,318.53,318.75,339.18864
2017-08-24 10:00:00,320.03,321.3,316.66,317.02,630.71733
2017-08-24 11:00:00,317.02,323.61,316.14,323.61,411.56848
2017-08-24 12:00:00,322.51,328.04,317.9,322.0,347.54966
2017-08-24 13:00:00,319.01,325.37,318.97,324.8,355.6927
2017-08-24 14:00:00,323.8,326.79,320.84,320.84,316.22927
2017-08-24 15:00:00,320.84,323.98,320.84,321.2,118.57683
2017-08-24 16:00:00,323.67,323.68,319.0,322.0,203.90406
2017-08-24 17:00:00,322.0,323.56,318.97,322.45,203.63927
2017-08-24 18:00:00,322.45,323.79,320.17,322.76,242.60003
2017-08-24 19:00:00,322.76,325.35,321.22,321.23,258.98256
2017-08-24 20:00:00,321.23,324.0,318.97,320.04,138.61314
2017-08-24 21:00:00,320.04,322.29,318.97,321.21,265.99646
2017-08-24 22:00:00,321.22,326.33,319.83,323.72,308.09107
2017-08-24 23:00:00,323.72,326.25,322.3,323.42,187.64378
2017-08-25 00:00:00,323.42,327.81,323.42,325.54,485.63977
2017-08-25 01:00:00,327.8,328.82,324.41,328.81,462.31574
2017-08-25 02:00:00,328.81,329.93,324.42,328.19,258.63675
2017-08-25 03:00:00,328.19,330.44,325.4,326.55,200.25624
2017-08-25 04:00:00,326.55,331.35,326.55,331.35,324.10004
2017-08-25 05:00:00,331.34,335.0,329.18,331.73,244.29766
2017-08-25 06:00:00,331.74,333.31,328.69,330.17,225.1556
2017-08-25 07:00:00,330.17,334.34,330.17,330.29,322.05362
2017-08-25 08:00:00,330.29,334.34,329.86,334.17,318.27009
2017-08-25 09:00:00,332.68,335.41,331.09,331.09,217.82876
2017-08-25 10:00:00,330.11,333.42,327.69,329.78,333.09478
2017-08-25 11:00:00,331.69,331.69,327.4,331.26,330.23241
2017-08-25 12:00:00,329.68,335.33,328.72,330.7,1348.31341
2017-08-25 13:00:00,333.32,334.74,330.68,332.0,184.12642
2017-08-25 14:00:00,332.89,333.68,330.67,331.95,286.77891
2017-08-25 15:00:00,332.57,335.33,330.68,333.15,141.95926
2017-08-25 16:00:00,335.29,338.28,333.15,334.77,199.13677
2017-08-25 17:00:00,336.35,337.0,331.88,332.01,138.08871
2017-08-25 18:00:00,333.2,336.49,331.88,333.27,146.0636
2017-08-25 19:00:00,333.27,335.1,325.42,328.71,267.97046
2017-08-25 20:00:00,329.91,330.99,324.9,330.98,196.49748
2017-08-25 21:00:00,327.8,332.26,326.77,330.18,201.4709
2017-08-25 22:00:00,330.18,332.27,326.99,328.6,100.21031
2017-08-25 23:00:00,329.81,330.99,326.25,327.24,193.47193
2017-08-26 00:00:00,327.24,332.27,327.24,328.26,153.95314
2017-08-26 01:00:00,332.26,332.26,325.02,325.39,122.8132
2017-08-26 02:00:00,324.41,328.02,323.41,324.72,174.12675
2017-08-26 03:00:00,324.72,328.02,323.46,323.46,118.68492
2017-08-26 04:00:00,323.46,326.74,323.41,324.72,196.89672
2017-08-26 05:00:00,323.56,326.86,323.55,326.23,285.19418
2017-08-26 06:00:00,325.23,329.69,324.06,326.19,199.73728
2017-08-26 07:00:00,326.19,328.91,325.17,327.9,388.87032
2017-08-26 08:00:00,328.45,330.73,327.58,328.82,186.8631
2017-08-26 09:00:00,330.63,330.89,326.69,327.69,167.41761
2017-08-26 10:00:00,327.69,330.89,327.69,327.89,257.33601
2017-08-26 11:00:00,330.87,331.25,326.69,327.89,244.92428
2017-08-26 12:00:00,328.25,330.11,325.1,330.11,231.13593
2017-08-26 13:00:00,326.14,332.26,324.06,330.98,309.07769
2017-08-26 14:00:00,330.98,335.44,329.83,332.34,190.9403
2017-08-26 15:00:00,332.34,334.16,327.0,327.0,209.4309
2017-08-26 16:00:00,327.01,330.38,326.7,330.38,156.03136
2017-08-26 17:00:00,330.38,332.11,326.79,331.04,196.30353
2017-08-26 18:00:00,327.38,332.1,327.03,328.08,226.97145
2017-08-26 19:00:00,329.78,334.17,328.88,331.19,223.69461
2017-08-26 20:00:00,332.68,334.17,330.18,331.12,213.56767
2017-08-26 21:00:00,331.12,334.16,330.49,334.16,10.76919
2017-08-26 22:00:00,330.51,332.93,329.33,330.6,247.83683
2017-08-26 23:00:00,332.43,334.17,330.6,330.79,165.10824
2017-08-27 00:00:00,332.18,336.55,330.79,334.37,345.34454
2017-08-27 01:00:00,334.37,336.55,331.98,334.47,175.00161
2017-08-27 02:00:00,334.47,338.28,333.12,333.12,264.11435
2017-08-27 03:00:00,333.96,335.99,330.79,331.62,272.16184
2017-08-27 04:00:00,334.5,338.29,331.49,334.84,225.92548
2017-08-27 05:00:00,337.52,337.52,331.86,335.0,209.66722
2017-08-27 06:00:00,332.75,336.36,332.74,333.77,94.16174
2017-08-27 07:00:00,335.0,336.49,332.77,332.77,159.41236
2017-08-27 08:00:00,332.77,334.7,331.61,334.48,191.57696
2017-08-27 09:00:00,332.0,336.25,330.73,336.25,171.54931
2017-08-27 10:00:00,334.88,337.53,332.28,337.53,208.23048
2017-08-27 11:00:00,337.53,338.42,333.68,333.94,285.89314
2017-08-27 12:00:00,333.93,336.9,331.88,333.57,104.46136
2017-08-27 13:00:00,333.57,336.99,333.52,335.6,190.68012
2017-08-27 14:00:00,333.61,336.99,332.21,332.21,176.45375
2017-08-27 15:00:00,333.96,336.49,332.21,334.67,193.94708
2017-08-27 16:00:00,335.04,336.49,332.97,334.83,219.16864
2017-08-27 17:00:00,336.5,339.14,334.67,337.56,277.35622
2017-08-27 18:00:00,339.89,340.29,336.02,340.26,115.46914
2017-08-27 19:00:00,340.24,341.47,337.12,339.64,183.13777
2017-08-27 20:00:00,341.47,341.47,337.12,340.36,212.10891
2017-08-27 21:00:00,340.36,341.47,337.13,338.66,136.6202
2017-08-27 22:00:00,338.66,341.43,338.46,338.81,168.79731
2017-08-27 23:00:00,338.81,348.13,338.81,348.13,54.19762
2017-08-28 00:00:00,348.11,351.0,345.83,345.87,240.20694
2017-08-28 01:00:00,346.6,348.0,343.57,347.87,103.71249
2017-08-28 02:00:00,344.18,350.85,343.76,350.84,98.01125
2017-08-28 03:00:00,350.84,350.84,343.44,343.44,298.7036
2017-08-28 04:00:00,343.43,343.69,331.95,338.54,582.93715
2017-08-28 05:00:00,338.54,340.41,333.79,336.01,166.14597
2017-08-28 06:00:00,337.19,340.18,336.01,338.26,224.47022
2017-08-28 07:00:00,338.26,341.33,336.65,338.77,166.39564
2017-08-28 08:00:00,340.89,341.92,338.31,339.5,169.69262
2017-08-28 09:00:00,338.34,340.51,336.54,340.48,120.15133
2017-08-28 10:00:00,340.48,340.7,337.13,339.81,124.56626
2017-08-28 11:00:00,339.81,342.86,338.77,341.9,221.6374
2017-08-28 12:00:00,339.62,344.86,339.34,341.76,100.7591
2017-08-28 13:00:00,347.33,347.41,341.64,341.96,183.23626
2017-08-28 14:00:00,342.19,345.18,341.65,342.95,100.89855
2017-08-28 15:00:00,342.95,345.89,341.83,341.83,202.40127
2017-08-28 16:00:00,341.83,345.88,340.66,343.2,203.24719
2017-08-28 17:00:00,343.2,344.78,340.49,340.49,160.23094
2017-08-28 18:00:00,341.84,345.69,341.77,345.0,176.28286
2017-08-28 19:00:00,344.82,347.42,343.37,344.3,219.30128
2017-08-28 20:00:00,342.54,346.2,342.2,342.29,95.24482
2017-08-28 21:00:00,342.4,347.42,342.16,346.51,182.37778
2017-08-28 22:00:00,346.42,348.5,345.31,348.49,103.748
2017-08-28 23:00:00,348.2,348.2,345.28,346.0,34.82278
2017-08-29 00:00:00,347.0,349.55,346.0,348.98,46.56295
2017-08-29 01:00:00,349.83,351.94,347.06,349.98,60.23594
2017-08-29 02:00:00,348.9,350.99,347.38,348.0,32.4571
2017-08-29 03:00:00,349.34,353.23,348.22,350.03,137.58977
2017-08-29 04:00:00,351.19,351.73,350.02,351.68,11.12142
2017-08-29 05:00:00,351.73,355.0,351.6,355.0,27.21856
2017-08-29 06:00:00,355.0,355.79,350.72,354.93,77.59397
2017-08-29 07:00:00,355.79,360.79,352.32,354.18,265.69325
2017-08-29 08:00:00,354.17,357.49,354.01,355.22,44.19242
2017-08-29 09:00:00,356.2,362.99,356.2,362.99,87.63842
2017-08-29 10:00:00,362.0,367.13,360.13,362.2,193.08164
2017-08-29 11:00:00,365.29,365.29,356.74,356.75,138.5278
2017-08-29 12:00:00,358.1,364.71,358.1,358.42,119.02615
2017-08-29 13:00:00,362.0,365.46,360.0,364.35,116.52032
2017-08-29 14:00:00,364.36,365.43,361.31,362.17,351.56358
2017-08-29 15:00:00,362.17,367.4,362.04,364.57,150.84565
2017-08-29 16:00:00,365.74,369.41,362.79,368.16,176.91074
2017-08-29 17:00:00,368.16,373.66,366.94,370.43,212.34052
2017-08-29 18:00:00,372.6,373.52,367.54,368.9,122.6807
2017-08-29 19:00:00,368.9,373.42,365.65,367.44,182.91059
2017-08-29 20:00:00,367.44,374.13,367.36,370.77,265.69481
2017-08-29 21:00:00,370.79,376.76,370.77,376.76,161.95325
2017-08-29 22:00:00,376.76,377.6,373.52,374.51,41.60678
2017-08-29 23:00:00,377.49,377.49,374.7,374.7,8.16792
2017-08-30 00:00:00,374.7,374.7,367.37,371.6,147.66099
2017-08-30 01:00:00,371.6,377.8,371.0,375.68,41.0148
2017-08-30 02:00:00,373.39,377.11,371.78,374.9,95.20549
2017-08-30 03:00:00,375.01,377.27,371.8,373.0,60.41718
2017-08-30 04:00:00,373.0,380.81,372.92,380.81,64.55169
2017-08-30 05:00:00,376.6,381.13,376.41,381.13,37.58972
2017-08-30 06:00:00,380.81,393.71,380.81,385.5,168.8485
2017-08-30 07:00:00,387.99,392.0,378.14,378.14,181.44888
2017-08-30 08:00:00,378.16,384.33,374.3,377.23,51.27905
2017-08-30 09:00:00,375.7,375.7,365.65,365.65,164.91588
2017-08-30 10:00:00,367.15,377.56,362.05,371.62,941.85909
2017-08-30 11:00:00,371.62,379.0,371.62,375.9,191.86744
2017-08-30 12:00:00,373.01,385.33,370.49,382.01,324.20412
2017-08-30 13:00:00,382.01,382.3,377.8,380.43,257.22121
2017-08-30 14:00:00,379.78,380.7,374.22,376.2,216.93008
2017-08-30 15:00:00,376.2,380.89,376.1,379.38,229.15619
2017-08-30 16:00:00,379.38,383.64,378.72,383.18,182.77938
2017-08-30 17:00:00,383.18,386.96,382.03,384.95,225.1859
2017-08-30 18:00:00,383.76,389.8,382.05,384.66,143.03348
2017-08-30 19:00:00,384.66,387.41,383.38,383.38,127.10316
2017-08-30 20:00:00,385.34,387.29,382.02,385.0,170.24828
2017-08-30 21:00:00,385.99,386.11,380.74,382.0,131.15843
2017-08-30 22:00:00,385.03,386.0,381.99,385.0,139.67697
2017-08-30 23:00:00,384.52,386.25,381.99,385.93,153.24017
2017-08-31 00:00:00,384.64,384.64,380.69,381.98,145.44771
2017-08-31 01:00:00,381.98,384.35,379.42,380.56,164.8065
2017-08-31 02:00:00,380.58,382.6,377.78,382.52,190.1786
2017-08-31 03:00:00,382.6,383.8,381.03,383.51,175.96699
2017-08-31 04:00:00,383.66,385.94,382.47,385.5,228.77137
2017-08-31 05:00:00,384.04,385.91,381.4,382.16,98.69375
2017-08-31 06:00:00,383.27,383.41,379.21,379.99,90.77746
2017-08-31 07:00:00,380.45,383.14,379.99,383.14,64.43431
2017-08-31 08:00:00,381.89,383.41,379.0,381.87,126.58938
2017-08-31 09:00:00,381.96,383.39,378.85,379.2,251.80406
2017-08-31 10:00:00,379.59,385.88,379.2,383.41,237.51757
2017-08-31 11:00:00,384.59,387.42,382.01,387.42,172.45309
2017-08-31 12:00:00,385.82,387.41,383.48,387.41,257.545
2017-08-31 13:00:00,387.0,389.13,385.95,386.49,125.82301
2017-08-31 14:00:00,387.25,389.36,386.48,386.92,308.8852
2017-08-31 15:00:00,387.14,388.23,383.48,383.76,213.03073
2017-08-31 16:00:00,384.38,387.39,383.47,386.69,216.74342
2017-08-31 17:00:00,384.86,386.81,383.13,385.67,185.44997
2017-08-31 18:00:00,384.51,386.8,383.13,384.06,256.36961
2017-08-31 19:00:00,385.47,386.5,383.19,384.45,220.32072
2017-08-31 20:00:00,385.1,388.25,383.19,384.42,182.3151
2017-08-31 21:00:00,384.42,388.06,384.42,384.42,152.50791
2017-08-31 22:00:00,386.21,388.25,384.42,384.59,181.94619
2017-08-31 23:00:00,385.95,387.79,384.33,384.79,187.4909
2017-09-01 00:00:00,386.44,388.74,384.79,388.74,162.97779
2017-09-01 01:00:00,388.69,394.06,387.53,391.37,248.72949
2017-09-01 02:00:00,392.88,394.39,389.46,390.88,198.82856
2017-09-01 03:00:00,391.7,393.13,390.86,390.86,141.56114
2017-09-01 04:00:00,392.65,394.27,387.64,390.33,135.65894
2017-09-01 05:00:00,388.92,388.99,384.88,384.88,203.48452
2017-09-01 06:00:00,386.7,388.62,383.18,384.52,85.07529
2017-09-01 07:00:00,386.26,390.56,384.0,388.4,330.22597
2017-09-01 08:00:00,389.48,393.08,388.16,389.68,270.82415
2017-09-01 09:00:00,389.97,392.0,387.46,389.14,248.32828
2017-09-01 10:00:00,389.02,389.88,387.46,389.88,94.21594
2017-09-01 11:00:00,389.88,391.9,387.46,389.64,251.82988
2017-09-01 12:00:00,389.56,391.2,387.01,388.8,205.72149
2017-09-01 13:00:00,390.0,391.0,389.22,390.5,161.66811
2017-09-01 14:00:00,390.78,391.06,386.57,388.54,253.38149
2017-09-01 15:00:00,388.39,391.06,385.88,387.01,207.072
2017-09-01 16:00:00,387.91,391.47,386.05,388.36,274.83359
2017-09-01 17:00:00,389.67,392.3,388.35,392.29,186.15346
2017-09-01 18:00:00,392.29,393.4,388.37,388.37,78.3579
2017-09-01 19:00:00,388.65,391.07,387.11,388.08,258.27176
2017-09-01 20:00:00,389.62,394.02,388.08,388.49,84.56341
2017-09-01 21:00:00,388.59,392.41,388.08,388.13,16.9694
2017-09-01 22:00:00,390.0,394.02,388.1,390.85,19.8851
2017-09-01 23:00:00,388.97,391.4,388.34,388.46,80.06668
2017-09-02 00:00:00,388.58,394.32,388.46,394.32,55.46214
2017-09-02 01:00:00,392.02,392.02,382.72,384.47,281.23684
2017-09-02 02:00:00,385.8,387.11,382.05,382.68,204.90006
2017-09-02 03:00:00,383.34,384.47,373.66,378.52,374.61642
2017-09-02 04:00:00,378.51,379.6,375.71,375.75,260.91206
2017-09-02 05:00:00,376.86,377.5,347.61,347.61,565.0526
2017-09-02 06:00:00,348.77,368.8,347.0,367.6,757.76411
2017-09-02 07:00:00,368.26,375.0,360.92,363.7,323.02917
2017-09-02 08:00:00,364.83,364.84,351.62,355.42,287.52031
2017-09-02 09:00:00,353.54,361.52,351.59,351.6,218.68435
2017-09-02 10:00:00,351.6,360.11,350.42,356.58,478.67878
2017-09-02 11:00:00,357.78,360.1,354.42,357.0,311.37649
2017-09-02 12:00:00,358.25,360.28,350.6,351.92,288.33698
2017-09-02 13:00:00,354.16,357.58,351.91,353.09,206.97354
2017-09-02 14:00:00,354.42,355.76,332.15,335.32,564.62505
2017-09-02 15:00:00,336.83,345.01,327.09,341.72,509.23008
2017-09-02 16:00:00,341.72,342.8,329.73,336.97,511.42159
2017-09-02 17:00:00,336.97,344.64,332.31,341.63,335.83066
2017-09-02 18:00:00,344.07,345.27,337.46,339.29,271.73674
2017-09-02 19:00:00,340.23,341.47,334.93,336.18,234.9934
2017-09-02 20:00:00,338.08,338.47,325.63,325.63,452.29677
2017-09-02 21:00:00,327.16,331.08,320.08,324.0,236.00212
2017-09-02 22:00:00,325.45,340.1,325.45,329.72,229.42859
2017-09-02 23:00:00,331.77,343.15,329.72,343.14,280.21839
2017-09-03 00:00:00,343.56,351.63,342.73,347.8,239.93433
2017-09-03 01:00:00,349.11,352.67,345.62,347.26,331.109
2017-09-03 02:00:00,349.0,349.0,340.2,347.48,300.72899
2017-09-03 03:00:00,347.0,352.48,345.39,348.85,142.7059
2017-09-03 04:00:00,348.85,359.01,348.84,355.21,179.51396
2017-09-03 05:00:00,353.58,365.73,353.32,363.55,129.15333
2017-09-03 06:00:00,361.66,367.28,356.0,356.01,156.21616
2017-09-03 07:00:00,356.41,360.99,354.0,357.81,232.64892
2017-09-03 08:00:00,357.82,363.45,354.0,356.0,339.43708
2017-09-03 09:00:00,355.61,356.0,341.52,344.0,426.72807
2017-09-03 10:00:00,343.78,349.38,339.79,340.42,231.66561
2017-09-03 11:00:00,339.79,344.08,334.75,336.54,202.2082
2017-09-03 12:00:00,337.69,343.12,330.07,343.0,281.48732
2017-09-03 13:00:00,341.42,348.22,320.08,326.41,553.70559
2017-09-03 14:00:00,323.02,331.29,320.17,325.3,382.0885
2017-09-03 15:00:00,325.3,337.34,321.92,329.34,372.88541
2017-09-03 16:00:00,329.35,337.48,328.3,332.02,125.5305
2017-09-03 17:00:00,337.81,347.73,333.29,343.99,206.25522
2017-09-03 18:00:00,344.27,345.29,337.35,345.29,96.897
2017-09-03 19:00:00,345.29,345.29,340.33,343.03,23.08546
2017-09-03 20:00:00,343.61,347.68,342.37,342.37,106.79793
2017-09-03 21:00:00,340.43,345.77,337.35,341.71,68.48573
2017-09-03 22:00:00,342.0,346.71,341.12,341.38,71.36327
2017-09-03 23:00:00,346.48,346.65,337.58,341.77,52.99063
2017-09-04 00:00:00,339.29,344.55,333.01,333.09,74.42295
2017-09-04 01:00:00,334.84,338.29,333.17,335.65,83.07743
2017-09-04 02:00:00,335.65,339.77,333.18,335.44,123.21426
2017-09-04 03:00:00,335.44,335.44,328.27,329.62,67.28766
2017-09-04 04:00:00,329.62,339.26,327.35,330.0,193.71732
2017-09-04 05:00:00,330.01,338.97,329.04,334.99,178.88612
2017-09-04 06:00:00,333.99,333.99,328.19,333.3,185.57991
2017-09-04 07:00:00,332.42,335.5,270.38,275.01,810.89752
2017-09-04 08:00:00,284.51,309.8,270.0,302.37,1022.98756
2017-09-04 09:00:00,297.28,314.27,282.32,310.11,517.27911
2017-09-04 10:00:00,310.2,314.27,304.55,305.1,311.59087
2017-09-04 11:00:00,303.17,305.08,286.01,289.93,394.26104
2017-09-04 12:00:00,286.35,289.99,273.02,280.03,311.89836
2017-09-04 13:00:00,280.15,298.18,273.26,293.81,277.69973
2017-09-04 14:00:00,291.63,294.76,276.6,277.0,421.33447
2017-09-04 15:00:00,279.93,280.32,267.94,269.54,424.09091
2017-09-04 16:00:00,268.93,275.99,268.2,273.48,338.15841
2017-09-04 17:00:00,274.7,275.5,271.0,271.33,122.96298
2017-09-04 18:00:00,271.33,290.0,271.33,290.0,128.6501
2017-09-04 19:00:00,290.0,302.55,290.0,296.43,70.95123
2017-09-04 20:00:00,299.04,301.94,292.1,301.94,131.28441
2017-09-04 21:00:00,300.0,312.92,292.56,312.92,170.51713
2017-09-04 22:00:00,307.83,308.14,292.5,294.64,157.10904
2017-09-04 23:00:00,295.45,299.9,282.36,283.77,219.95209
2017-09-05 00:00:00,286.81,298.74,270.22,274.5,500.78612
2017-09-05 01:00:00,274.5,281.87,235.55,242.0,853.99934
2017-09-05 02:00:00,242.01,277.78,237.93,275.25,679.40114
2017-09-05 03:00:00,277.27,278.49,267.02,271.12,567.86779
2017-09-05 04:00:00,269.61,284.14,268.11,279.01,265.54589
2017-09-05 05:00:00,279.5,280.0,271.51,271.51,215.68994
2017-09-05 06:00:00,273.72,283.4,272.85,282.49,524.40265
2017-09-05 07:00:00,278.92,297.25,278.92,296.52,536.04811
2017-09-05 08:00:00,296.56,299.64,285.42,288.0,545.59218
2017-09-05 09:00:00,286.66,292.99,282.52,289.84,319.02446
2017-09-05 10:00:00,289.92,298.0,289.15,290.8,185.43677
2017-09-05 11:00:00,292.01,298.0,290.09,295.98,447.59856
2017-09-05 12:00:00,295.79,304.99,295.67,299.16,292.86924
2017-09-05 13:00:00,298.37,302.99,297.54,300.51,230.90418
2017-09-05 14:00:00,301.66,304.99,294.92,296.45,341.51268
2017-09-05 15:00:00,298.99,304.77,289.1,291.66,416.35942
2017-09-05 16:00:00,290.07,299.37,285.94,299.37,193.34637
2017-09-05 17:00:00,299.08,309.82,295.0,305.0,127.20738
2017-09-05 18:00:00,303.27,315.01,303.16,312.12,251.36224
2017-09-05 19:00:00,312.13,321.52,309.49,318.26,105.88526
2017-09-05 20:00:00,318.71,318.71,311.22,317.99,397.539
2017-09-05 21:00:00,317.43,317.86,309.76,310.72,124.61793
2017-09-05 22:00:00,310.0,318.72,309.83,315.53,136.8065
2017-09-05 23:00:00,315.57,320.45,312.09,312.09,84.61609
2017-09-06 00:00:00,313.29,325.13,312.09,323.5,213.61504
2017-09-06 01:00:00,323.85,331.76,322.72,330.12,500.13447
2017-09-06 02:00:00,331.06,333.12,320.0,324.6,630.1843
2017-09-06 03:00:00,322.31,330.0,320.03,325.73,281.45898
2017-09-06 04:00:00,325.55,328.06,316.64,317.54,131.60524
2017-09-06 05:00:00,317.7,323.23,316.15,320.36,256.22125
2017-09-06 06:00:00,321.76,323.17,314.76,316.05,162.28256
2017-09-06 07:00:00,315.21,326.0,315.0,318.53,336.08672
2017-09-06 08:00:00,320.31,330.01,319.02,328.06,317.27777
2017-09-06 09:00:00,326.02,331.7,324.01,325.43,102.66777
2017-09-06 10:00:00,324.82,329.6,321.25,329.6,119.35249
2017-09-06 11:00:00,328.0,335.02,325.45,335.02,506.75271
2017-09-06 12:00:00,331.73,335.23,326.45,329.01,631.98822
2017-09-06 13:00:00,330.17,330.17,321.01,325.29,324.11945
2017-09-06 14:00:00,326.41,332.43,324.0,326.0,331.71959
2017-09-06 15:00:00,325.98,335.24,325.22,335.0,431.52636
2017-09-06 16:00:00,335.0,335.0,335.0,335.0,0.0
2017-09-06 23:00:00,335.0,336.34,335.0,335.0,209.31696
2017-09-07 00:00:00,335.01,335.01,332.25,332.25,128.59013
2017-09-07 01:00:00,332.25,332.25,320.35,321.82,178.3978
2017-09-07 02:00:00,321.82,328.98,321.08,325.2,264.74021
2017-09-07 03:00:00,325.91,329.72,325.91,326.59,123.41003
2017-09-07 04:00:00,326.59,329.31,325.41,328.32,39.14457
2017-09-07 05:00:00,327.49,330.0,326.03,328.02,80.83488
2017-09-07 06:00:00,329.06,330.45,325.21,326.61,53.93536
2017-09-07 07:00:00,325.21,325.96,321.31,323.57,83.60382
2017-09-07 08:00:00,323.57,325.41,320.17,325.3,134.11969
2017-09-07 09:00:00,325.29,329.64,324.88,328.25,53.35286
2017-09-07 10:00:00,328.57,331.39,324.71,327.7,150.83093
2017-09-07 11:00:00,330.12,332.53,325.72,329.94,132.42768
2017-09-07 12:00:00,329.94,335.67,327.79,334.37,463.16903
2017-09-07 13:00:00,334.31,337.7,332.97,335.09,137.6038
2017-09-07 14:00:00,337.69,338.38,333.0,334.66,182.44116
2017-09-07 15:00:00,335.68,338.37,333.0,337.0,180.65831
2017-09-07 16:00:00,337.0,342.5,331.48,334.54,265.73265
2017-09-07 17:00:00,334.52,334.55,328.81,332.79,114.87499
2017-09-07 18:00:00,333.12,334.24,332.32,332.83,100.69246
2017-09-07 19:00:00,334.24,334.45,332.3,333.52,41.69036
2017-09-07 20:00:00,334.77,336.85,330.03,332.94,60.45557
2017-09-07 21:00:00,331.34,334.38,329.15,334.38,31.95482
2017-09-07 22:00:00,334.38,338.35,332.86,337.0,41.58403
2017-09-07 23:00:00,337.0,337.0,334.0,334.49,59.65231
2017-09-08 00:00:00,334.49,335.1,330.22,332.48,172.81866
2017-09-08 01:00:00,332.25,333.84,326.79,330.93,55.9628
2017-09-08 02:00:00,330.96,333.76,330.7,330.7,42.42578
2017-09-08 03:00:00,331.22,331.43,328.55,330.0,109.5172
2017-09-08 04:00:00,329.35,331.68,328.55,330.06,68.81103
2017-09-08 05:00:00,330.06,331.66,328.55,330.58,13.01767
2017-09-08 06:00:00,330.99,330.99,324.72,329.99,125.02193
2017-09-08 07:00:00,330.0,330.6,328.15,329.57,90.76996
2017-09-08 08:00:00,329.57,332.53,329.57,331.8,85.03879
2017-09-08 09:00:00,331.6,333.76,331.6,332.06,43.4788
2017-09-08 10:00:00,332.16,333.76,331.52,332.93,95.7573
2017-09-08 11:00:00,332.05,332.23,329.57,331.53,63.9277
2017-09-08 12:00:00,330.1,331.57,325.19,326.62,203.33148
2017-09-08 13:00:00,326.66,327.88,289.1,299.99,614.54197
2017-09-08 14:00:00,299.26,300.99,272.0,288.61,1020.34627
2017-09-08 15:00:00,295.85,300.93,278.1,294.05,504.9089
2017-09-08 16:00:00,294.06,310.46,285.84,296.06,408.33787
2017-09-08 17:00:00,296.06,300.96,280.8,288.3,286.14091
2017-09-08 18:00:00,292.02,302.71,292.02,300.0,79.38776
2017-09-08 19:00:00,297.34,299.0,294.0,294.06,125.73427
2017-09-08 20:00:00,294.06,294.24,281.52,291.87,284.05739
2017-09-08 21:00:00,291.84,291.88,281.52,291.55,42.00476
2017-09-08 22:00:00,291.85,302.11,291.85,302.11,174.77054
2017-09-08 23:00:00,302.1,306.9,296.1,302.99,205.64719
2017-09-09 00:00:00,300.01,302.0,289.89,299.0,171.13082
2017-09-09 01:00:00,298.04,300.6,288.61,292.1,206.05357
2017-09-09 02:00:00,290.55,297.41,286.96,295.06,234.23714
2017-09-09 03:00:00,295.06,297.8,288.94,292.31,182.64568
2017-09-09 04:00:00,292.31,294.83,281.66,293.25,186.84203
2017-09-09 05:00:00,294.52,306.42,294.1,306.42,132.88801
2017-09-09 06:00:00,306.42,306.42,302.05,302.44,83.88986
2017-09-09 07:00:00,304.0,304.0,298.5,299.68,67.76513
2017-09-09 08:00:00,301.0,302.33,300.01,300.66,28.24632
2017-09-09 09:00:00,300.01,300.77,295.0,299.78,119.1027
2017-09-09 10:00:00,299.78,300.53,296.26,297.08,49.72808
2017-09-09 11:00:00,298.54,303.0,296.44,303.0,35.98306
2017-09-09 12:00:00,300.83,307.0,300.83,302.02,34.42697
2017-09-09 13:00:00,303.34,305.14,301.5,301.5,184.80805
2017-09-09 14:00:00,301.5,301.5,295.01,298.84,130.06901
2017-09-09 15:00:00,298.83,300.21,296.24,298.98,172.23895
2017-09-09 16:00:00,298.61,298.98,296.02,298.8,134.44033
2017-09-09 17:00:00,298.44,298.44,288.72,288.72,35.47615
2017-09-09 18:00:00,288.73,296.2,288.72,291.18,106.27604
2017-09-09 19:00:00,290.69,298.76,285.17,298.76,96.0962
2017-09-09 20:00:00,298.76,298.76,298.76,298.76,0.0
2017-09-09 21:00:00,298.62,298.62,296.72,297.06,3.96756
2017-09-09 22:00:00,297.43,298.79,296.24,298.0,80.1252
2017-09-09 23:00:00,297.87,302.77,294.56,296.74,264.15136
2017-09-10 00:00:00,296.72,299.0,294.54,297.52,171.88567
2017-09-10 01:00:00,297.53,298.01,295.0,295.02,94.32795
2017-09-10 02:00:00,295.12,295.99,285.0,285.0,89.39977
2017-09-10 03:00:00,287.19,291.58,281.51,290.58,209.35233
2017-09-10 04:00:00,285.67,291.0,285.3,290.0,162.90661
2017-09-10 05:00:00,285.45,286.71,275.6,280.6,226.44856
2017-09-10 06:00:00,282.0,282.96,265.0,265.0,255.37408
2017-09-10 07:00:00,262.04,278.18,261.03,276.86,400.4761
2017-09-10 08:00:00,276.86,287.05,265.0,280.81,568.21861
2017-09-10 09:00:00,280.8,284.99,277.55,279.68,284.56354
2017-09-10 10:00:00,278.5,282.0,272.0,275.11,133.11691
2017-09-10 11:00:00,275.11,281.71,273.7,280.22,148.67355
2017-09-10 12:00:00,281.8,284.0,279.98,281.0,55.38402
2017-09-10 13:00:00,282.9,286.84,280.0,284.0,212.28019
2017-09-10 14:00:00,284.05,287.5,284.05,287.25,81.20324
2017-09-10 15:00:00,287.5,288.0,283.2,283.2,135.01156
2017-09-10 16:00:00,283.13,287.42,283.0,287.42,135.5961
2017-09-10 17:00:00,287.42,300.0,287.42,298.36,385.91221
2017-09-10 18:00:00,300.0,302.77,296.0,299.51,62.16698
2017-09-10 19:00:00,299.51,302.78,299.0,302.78,24.93848
2017-09-10 20:00:00,302.78,302.78,295.02,296.12,125.2469
2017-09-10 21:00:00,296.12,296.77,291.87,291.87,63.71784
2017-09-10 22:00:00,294.49,300.31,293.0,299.37,61.57597
2017-09-10 23:00:00,299.37,299.67,293.01,293.5,68.67382
2017-09-11 00:00:00,293.51,293.51,286.88,290.2,111.77862
2017-09-11 01:00:00,290.2,300.32,285.21,300.32,174.92923
2017-09-11 02:00:00,300.31,304.95,294.49,301.6,629.59523
2017-09-11 03:00:00,301.35,304.98,292.86,301.76,1097.58667
2017-09-11 04:00:00,301.73,304.89,289.9,294.33,809.76266
2017-09-11 05:00:00,293.21,296.18,286.82,291.0,308.32822
2017-09-11 06:00:00,291.04,296.19,288.0,292.13,303.99367
2017-09-11 07:00:00,291.56,296.16,291.09,293.96,53.88355
2017-09-11 08:00:00,293.35,294.92,288.98,293.2,122.46791
2017-09-11 09:00:00,293.57,294.5,291.25,292.99,122.94528
2017-09-11 10:00:00,292.99,294.96,291.26,293.19,37.83211
2017-09-11 11:00:00,292.69,297.36,292.69,294.46,102.59996
2017-09-11 12:00:00,293.44,295.0,292.16,294.32,125.36562
2017-09-11 13:00:00,294.32,299.36,293.37,299.2,182.02006
2017-09-11 14:00:00,300.0,300.97,296.25,299.41,97.81968
2017-09-11 15:00:00,300.0,300.6,294.93,299.2,147.52313
2017-09-11 16:00:00,299.2,301.99,299.2,301.14,144.48772
2017-09-11 17:00:00,301.14,301.48,298.26,299.0,41.02416
2017-09-11 18:00:00,298.27,299.56,295.5,297.12,24.4966
2017-09-11 19:00:00,297.12,300.6,294.77,295.56,37.91325
2017-09-11 20:00:00,296.17,296.68,293.44,293.44,109.54238
2017-09-11 21:00:00,293.38,295.22,293.38,294.75,29.66368
2017-09-11 22:00:00,296.62,296.62,295.34,296.62,1.8423
2017-09-11 23:00:00,297.74,297.74,296.57,297.3,12.24478
2017-09-12 00:00:00,297.78,302.51,297.51,301.53,74.40437
2017-09-12 01:00:00,301.72,302.48,298.6,298.6,429.65885
2017-09-12 02:00:00,298.6,303.01,298.6,301.98,268.09583
2017-09-12 03:00:00,302.3,304.41,300.33,304.41,303.47073
2017-09-12 04:00:00,303.01,305.21,302.62,304.36,309.01756
2017-09-12 05:00:00,304.22,308.84,304.22,308.84,101.71609
2017-09-12 06:00:00,307.55,316.37,307.55,316.37,347.03621
2017-09-12 07:00:00,316.4,316.46,310.78,314.15,303.21852
2017-09-12 08:00:00,313.7,313.7,302.32,308.0,467.43716
2017-09-12 09:00:00,308.0,310.25,305.59,308.92,146.85386
2017-09-12 10:00:00,308.93,310.07,306.02,309.99,68.65541
2017-09-12 11:00:00,311.3,313.23,310.86,310.95,99.38486
2017-09-12 12:00:00,311.25,311.81,306.03,306.03,96.08499
2017-09-12 13:00:00,306.03,307.88,303.1,304.22,553.32667
2017-09-12 14:00:00,304.22,305.0,300.0,304.0,549.89965
2017-09-12 15:00:00,303.05,305.92,303.05,304.21,203.73107
2017-09-12 16:00:00,304.06,304.94,300.35,303.06,201.10517
2017-09-12 17:00:00,304.95,305.22,298.34,298.34,81.34411
2017-09-12 18:00:00,298.34,298.34,286.01,287.26,303.98128
2017-09-12 19:00:00,288.23,296.33,288.16,295.07,112.27767
2017-09-12 20:00:00,293.82,294.54,291.42,294.18,53.07373
2017-09-12 21:00:00,294.61,295.91,294.6,295.89,10.93781
2017-09-12 22:00:00,295.65,297.66,295.09,296.51,27.5197
2017-09-12 23:00:00,296.07,296.07,291.48,293.96,64.08272
2017-09-13 00:00:00,293.93,294.18,287.68,291.3,164.04469
2017-09-13 01:00:00,291.52,294.5,289.58,289.98,201.49589
2017-09-13 02:00:00,290.37,291.15,280.0,280.0,406.92652
2017-09-13 03:00:00,281.14,283.84,275.0,275.0,315.88062
2017-09-13 04:00:00,276.5,276.5,267.0,274.92,361.46189
2017-09-13 05:00:00,275.0,282.0,274.32,275.6,101.41012
2017-09-13 06:00:00,275.6,281.83,273.1,280.19,178.02819
2017-09-13 07:00:00,282.0,283.74,277.0,277.83,124.64199
2017-09-13 08:00:00,278.55,279.25,273.49,279.0,326.13246
2017-09-13 09:00:00,277.12,280.63,275.02,276.12,173.79229
2017-09-13 10:00:00,276.05,276.11,268.0,268.98,275.00773
2017-09-13 11:00:00,268.01,269.47,262.0,263.84,678.07532
2017-09-13 12:00:00,263.26,273.2,257.05,269.5,959.84145
2017-09-13 13:00:00,269.5,274.21,266.99,269.79,362.07079
2017-09-13 14:00:00,268.5,268.5,260.79,263.96,261.46969
2017-09-13 15:00:00,263.15,271.01,261.07,266.93,132.17239
2017-09-13 16:00:00,266.93,275.0,264.95,275.0,236.30588
2017-09-13 17:00:00,275.0,278.24,273.21,275.11,204.98934
2017-09-13 18:00:00,275.1,275.1,268.65,271.46,228.79021
2017-09-13 19:00:00,269.6,270.66,265.5,266.1,146.12192
2017-09-13 20:00:00,269.1,270.1,268.01,270.09,45.95225
2017-09-13 21:00:00,271.64,274.98,271.64,273.0,86.23614
2017-09-13 22:00:00,272.92,282.77,272.92,279.74,209.89697
2017-09-13 23:00:00,279.8,280.89,275.05,276.91,270.48362
2017-09-14 00:00:00,275.76,281.14,275.13,278.47,83.9914
2017-09-14 01:00:00,279.0,283.77,278.46,280.49,243.52687
2017-09-14 02:00:00,280.14,282.49,274.46,275.0,148.57603
2017-09-14 03:00:00,274.46,274.46,270.0,270.0,254.28511
2017-09-14 04:00:00,270.0,275.0,270.0,275.0,102.57846
2017-09-14 05:00:00,275.0,275.0,271.03,271.03,26.8703
2017-09-14 06:00:00,271.11,273.0,266.95,267.0,244.44186
2017-09-14 07:00:00,269.01,273.0,267.0,270.85,266.70684
2017-09-14 08:00:00,270.85,273.0,267.65,268.78,571.91065
2017-09-14 09:00:00,268.78,270.87,265.5,265.6,531.85733
2017-09-14 10:00:00,265.01,266.87,255.52,259.97,1146.40124
2017-09-14 11:00:00,259.97,259.97,238.34,238.39,1239.17788
2017-09-14 12:00:00,238.43,253.01,236.16,236.95,1114.64144
2017-09-14 13:00:00,236.2,247.89,229.77,246.11,1241.82009
2017-09-14 14:00:00,246.98,250.92,238.54,248.15,842.74405
2017-09-14 15:00:00,248.15,249.66,238.09,243.48,290.55518
2017-09-14 16:00:00,241.95,243.5,234.72,235.0,394.68099
2017-09-14 17:00:00,234.72,236.22,227.03,227.03,630.60191
2017-09-14 18:00:00,227.03,240.67,221.5,237.97,588.28109
2017-09-14 19:00:00,234.26,244.99,231.88,234.22,404.5171
2017-09-14 20:00:00,234.22,240.49,234.21,237.94,472.84032
2017-09-14 21:00:00,237.94,237.94,228.57,229.98,541.17017
2017-09-14 22:00:00,229.0,235.0,227.29,232.35,416.29639
2017-09-14 23:00:00,232.35,232.51,215.0,215.21,803.48406
2017-09-15 00:00:00,217.0,232.51,212.11,223.2,667.10233
2017-09-15 01:00:00,228.83,237.94,223.09,233.5,332.99797
2017-09-15 02:00:00,233.5,243.96,233.5,233.62,697.45301
2017-09-15 03:00:00,237.0,237.66,229.18,234.0,446.26069
2017-09-15 04:00:00,234.53,235.0,229.18,230.99,285.82634
2017-09-15 05:00:00,231.5,231.93,225.06,228.92,431.94638
2017-09-15 06:00:00,227.28,234.27,217.11,220.27,695.81467
2017-09-15 07:00:00,217.51,220.15,212.11,220.0,534.44647
2017-09-15 08:00:00,218.93,225.91,211.98,220.02,548.86097
2017-09-15 09:00:00,220.01,225.73,202.05,203.0,981.8499
2017-09-15 10:00:00,203.0,207.89,195.02,202.04,623.52792
2017-09-15 11:00:00,202.04,202.05,192.0,199.28,611.91372
2017-09-15 12:00:00,199.28,235.68,195.09,227.0,1008.99983
2017-09-15 13:00:00,227.0,235.67,213.04,228.66,775.01651
2017-09-15 14:00:00,233.0,270.93,228.77,270.0,1687.98564
2017-09-15 15:00:00,270.0,270.0,245.0,262.28,826.8779
2017-09-15 16:00:00,257.03,267.69,239.75,239.75,824.93302
2017-09-15 17:00:00,239.74,248.49,235.03,246.27,402.85533
2017-09-15 18:00:00,242.09,254.0,241.88,243.9,274.10444
2017-09-15 19:00:00,243.9,260.0,242.56,259.01,386.40327
2017-09-15 20:00:00,259.01,260.5,255.04,256.53,186.7966
2017-09-15 21:00:00,256.7,263.4,255.48,261.26,407.77232
2017-09-15 22:00:00,263.39,263.39,255.47,259.95,141.43754
2017-09-15 23:00:00,255.51,261.89,252.85,253.0,442.71253
2017-09-16 00:00:00,255.99,261.96,250.0,261.96,324.37982
2017-09-16 01:00:00,261.95,269.99,257.35,267.0,567.73174
2017-09-16 02:00:00,267.0,269.99,261.35,261.58,614.78007
2017-09-16 03:00:00,261.55,269.0,256.01,259.0,472.0168
2017-09-16 04:00:00,258.99,262.9,257.62,262.85,241.61047
2017-09-16 05:00:00,261.01,271.81,260.0,260.5,1047.09482
2017-09-16 06:00:00,259.21,265.0,256.0,260.53,700.79244
2017-09-16 07:00:00,260.53,265.6,260.53,263.55,338.78408
2017-09-16 08:00:00,263.55,268.72,263.0,265.0,504.64889
2017-09-16 09:00:00,264.99,267.0,255.0,256.0,510.07931
2017-09-16 10:00:00,256.0,257.96,235.51,240.0,1385.4588
2017-09-16 11:00:00,241.0,252.0,236.11,249.99,555.0444
2017-09-16 12:00:00,249.99,255.0,245.0,250.98,439.91346
2017-09-16 13:00:00,248.0,252.74,244.0,252.73,337.42202
2017-09-16 14:00:00,248.0,258.19,247.35,247.35,265.1805
2017-09-16 15:00:00,247.35,250.0,242.3,243.0,536.622
2017-09-16 16:00:00,244.0,246.94,243.0,244.3,261.29899
2017-09-16 17:00:00,246.57,249.0,244.01,247.02,290.13954
2017-09-16 18:00:00,249.0,257.0,247.1,253.01,400.14243
2017-09-16 19:00:00,253.04,256.0,246.28,246.62,72.49836
2017-09-16 20:00:00,252.26,254.0,246.95,253.0,39.61721
2017-09-16 21:00:00,250.09,254.0,245.75,252.0,204.70818
2017-09-16 22:00:00,252.0,254.98,248.3,254.0,173.28706
2017-09-16 23:00:00,254.0,256.0,249.11,249.31,78.80872
2017-09-17 00:00:00,249.32,252.54,249.11,249.11,154.16149
2017-09-17 01:00:00,249.23,252.19,244.0,246.13,195.77763
2017-09-17 02:00:00,246.13,250.95,245.0,247.0,216.77695
2017-09-17 03:00:00,247.11,250.31,245.01,245.02,251.02877
2017-09-17 04:00:00,245.02,249.97,243.0,243.11,244.38135
2017-09-17 05:00:00,245.0,246.9,243.0,243.9,134.35795
2017-09-17 06:00:00,243.52,246.9,242.3,244.0,150.62347
2017-09-17 07:00:00,243.2,246.0,242.0,242.09,159.69337
2017-09-17 08:00:00,242.1,244.0,239.02,241.83,241.11014
2017-09-17 09:00:00,241.79,244.95,239.13,243.01,232.60483
2017-09-17 10:00:00,243.01,246.0,243.01,246.0,198.55878
2017-09-17 11:00:00,245.99,246.0,240.05,242.84,282.03689
2017-09-17 12:00:00,241.27,244.96,240.05,244.0,222.14068
2017-09-17 13:00:00,243.55,251.92,241.55,250.12,265.87362
2017-09-17 14:00:00,250.13,252.0,247.55,248.6,201.68428
2017-09-17 15:00:00,249.8,254.0,248.01,253.25,269.34787
2017-09-17 16:00:00,253.0,259.54,252.01,255.63,177.05105
2017-09-17 17:00:00,255.63,260.0,255.0,260.0,202.44806
2017-09-17 18:00:00,259.9,261.0,257.25,259.01,192.33666
2017-09-17 19:00:00,260.99,264.39,260.0,262.06,188.71426
2017-09-17 20:00:00,262.21,262.21,260.5,260.7,20.77266
2017-09-17 21:00:00,260.7,260.71,258.0,258.0,148.97549
2017-09-17 22:00:00,258.0,260.0,257.25,257.25,54.50269
2017-09-17 23:00:00,259.0,263.97,257.0,257.55,209.57443
2017-09-18 00:00:00,257.53,263.5,257.11,259.65,167.15676
2017-09-18 01:00:00,262.26,268.8,261.0,268.8,242.91495
2017-09-18 02:00:00,268.78,285.01,268.77,285.01,569.79743
2017-09-18 03:00:00,285.01,285.01,279.88,282.0,251.30771
2017-09-18 04:00:00,283.0,283.74,278.88,279.99,101.72442
2017-09-18 05:00:00,280.0,293.83,279.01,290.0,373.1926
2017-09-18 06:00:00,290.0,293.8,282.0,293.8,144.56989
2017-09-18 07:00:00,293.91,299.0,289.05,289.05,291.04084
2017-09-18 08:00:00,291.0,291.0,285.17,285.99,121.38173
2017-09-18 09:00:00,286.0,289.69,279.61,284.97,169.03807
2017-09-18 10:00:00,285.0,286.0,281.0,284.21,40.32464
2017-09-18 11:00:00,286.0,288.91,286.0,288.88,78.51498
2017-09-18 12:00:00,288.88,301.51,288.8,298.17,403.05567
2017-09-18 13:00:00,298.17,306.22,298.17,299.84,441.19694
2017-09-18 14:00:00,297.03,299.61,291.19,291.2,236.50387
2017-09-18 15:00:00,291.2,294.0,285.06,290.87,288.98231
2017-09-18 16:00:00,290.11,290.11,285.1,285.91,11.88449
2017-09-18 17:00:00,287.0,289.0,285.91,289.0,64.61124
2017-09-18 18:00:00,289.46,293.87,289.46,292.91,19.99996
2017-09-18 19:00:00,293.0,293.0,287.99,288.0,19.45005
2017-09-18 20:00:00,289.0,290.0,289.0,290.0,1.45945
2017-09-18 21:00:00,290.0,292.6,290.0,291.73,41.83581
2017-09-18 22:00:00,292.6,296.0,292.6,293.18,25.15745
2017-09-18 23:00:00,293.18,295.97,293.18,294.57,20.86925
2017-09-19 00:00:00,296.0,300.0,292.01,292.01,82.39014
2017-09-19 01:00:00,292.01,292.01,288.0,290.01,156.10037
2017-09-19 02:00:00,288.01,291.0,287.0,289.97,89.17166
2017-09-19 03:00:00,287.51,289.87,287.5,289.87,12.93669
2017-09-19 04:00:00,288.01,289.84,283.1,283.51,113.05303
2017-09-19 05:00:00,284.01,284.99,278.0,279.0,184.75524
2017-09-19 06:00:00,280.0,289.0,279.0,284.26,70.0044
2017-09-19 07:00:00,284.5,284.5,277.41,277.41,81.6926
2017-09-19 08:00:00,279.65,285.0,279.65,283.96,116.46616
2017-09-19 09:00:00,283.0,289.87,282.13,289.87,32.53512
2017-09-19 10:00:00,286.07,290.99,283.52,290.16,73.56736
2017-09-19 11:00:00,289.01,294.99,289.0,289.0,123.77576
2017-09-19 12:00:00,286.0,290.0,286.0,289.02,68.00546
2017-09-19 13:00:00,289.07,290.0,285.35,287.99,75.3592
2017-09-19 14:00:00,285.01,287.92,284.0,287.15,94.48264
2017-09-19 15:00:00,285.3,289.98,284.84,289.98,22.29051
2017-09-19 16:00:00,289.44,289.96,287.98,289.0,45.32478
2017-09-19 17:00:00,289.0,289.4,288.0,288.0,111.83318
2017-09-19 18:00:00,289.0,289.63,286.0,286.0,10.5856
2017-09-19 19:00:00,286.1,287.12,282.0,282.0,69.02477
2017-09-19 20:00:00,282.0,284.13,278.0,279.2,102.04806
2017-09-19 21:00:00,280.0,281.96,280.0,280.0,1.91964
2017-09-19 22:00:00,278.0,282.0,278.0,279.97,22.59366
2017-09-19 23:00:00,279.5,286.98,279.49,284.0,109.99249
2017-09-20 00:00:00,284.01,284.01,283.0,283.85,22.17493
2017-09-20 01:00:00,283.85,284.96,280.0,280.0,122.58945
2017-09-20 02:00:00,280.0,284.0,280.0,281.0,38.6607
2017-09-20 03:00:00,281.05,282.16,281.0,281.0,47.25342
2017-09-20 04:00:00,280.02,281.99,277.0,278.0,80.09662
2017-09-20 05:00:00,277.01,280.92,275.91,280.03,34.80876
2017-09-20 06:00:00,280.0,286.01,280.0,286.01,25.14259
2017-09-20 07:00:00,286.87,288.0,286.87,288.0,25.83983
2017-09-20 08:00:00,286.09,286.91,284.99,285.0,34.85495
2017-09-20 09:00:00,285.0,286.0,280.98,284.0,28.06535
2017-09-20 10:00:00,281.64,285.01,280.98,285.0,63.03175
2017-09-20 11:00:00,285.01,285.01,283.0,284.05,23.55058
2017-09-20 12:00:00,283.99,286.8,283.99,284.11,50.24063
2017-09-20 13:00:00,284.05,289.0,284.0,289.0,81.73623
2017-09-20 14:00:00,288.88,294.0,288.88,290.01,150.38714
2017-09-20 15:00:00,293.76,293.79,291.0,291.01,63.85837
2017-09-20 16:00:00,291.0,293.0,291.0,293.0,21.47559
2017-09-20 17:00:00,293.94,293.94,291.12,291.12,31.66391
2017-09-20 18:00:00,291.0,292.0,288.99,292.0,20.71952
2017-09-20 19:00:00,292.0,292.0,288.0,288.0,11.04322
2017-09-20 20:00:00,289.0,289.0,287.99,289.0,9.5345
2017-09-20 21:00:00,288.99,289.0,287.0,288.0,23.09411
2017-09-20 22:00:00,289.0,290.0,288.0,288.0,10.01007
2017-09-20 23:00:00,287.05,289.0,282.0,282.0,40.73512
2017-09-21 00:00:00,285.1,286.0,280.18,281.0,65.6846
2017-09-21 01:00:00,282.0,282.99,280.18,280.18,33.6313
2017-09-21 02:00:00,281.49,284.98,281.49,282.0,53.85115
2017-09-21 03:00:00,283.0,284.25,280.01,280.01,56.61993
2017-09-21 04:00:00,280.0,282.0,279.0,282.0,25.49783
2017-09-21 05:00:00,282.0,282.99,278.05,280.9,45.53659
2017-09-21 06:00:00,281.0,283.0,281.0,281.34,24.43623
2017-09-21 07:00:00,282.99,285.0,281.44,285.0,32.78974
2017-09-21 08:00:00,285.0,287.0,283.34,284.23,13.8169
2017-09-21 09:00:00,284.0,285.0,282.1,283.0,82.83044
2017-09-21 10:00:00,283.0,284.37,282.09,284.37,54.97871
2017-09-21 11:00:00,284.36,284.36,282.7,282.83,3.09718
2017-09-21 12:00:00,282.65,284.08,282.2,283.1,44.03734
2017-09-21 13:00:00,282.41,284.11,280.04,282.0,87.40772
2017-09-21 14:00:00,283.43,283.43,278.0,278.0,51.85478
2017-09-21 15:00:00,278.0,279.37,265.5,267.02,359.98564
2017-09-21 16:00:00,270.77,270.8,263.0,266.57,159.08197
2017-09-21 17:00:00,265.01,269.0,263.01,264.0,105.09568
2017-09-21 18:00:00,264.0,266.0,261.03,265.0,51.96702
2017-09-21 19:00:00,261.25,261.25,255.02,260.87,197.84321
2017-09-21 20:00:00,257.99,260.88,252.1,260.88,275.48449
2017-09-21 21:00:00,260.88,262.21,259.29,260.0,34.20503
2017-09-21 22:00:00,261.0,264.43,260.27,260.27,5.93669
2017-09-21 23:00:00,260.0,262.3,256.0,257.0,46.88566
2017-09-22 00:00:00,258.0,260.97,258.0,260.3,57.96803
2017-09-22 01:00:00,260.8,263.98,260.8,261.94,95.69683
2017-09-22 02:00:00,261.04,263.95,261.0,261.0,40.64857
2017-09-22 03:00:00,260.76,268.0,259.1,268.0,176.58609
2017-09-22 04:00:00,265.07,272.97,265.0,268.07,169.67403
2017-09-22 05:00:00,268.1,268.86,267.0,267.0,64.21007
2017-09-22 06:00:00,267.99,270.0,267.09,270.0,23.56984
2017-09-22 07:00:00,268.06,268.06,263.32,263.32,14.48274
2017-09-22 08:00:00,263.32,264.79,259.17,262.55,62.04584
2017-09-22 09:00:00,262.01,262.93,259.23,259.23,47.61555
2017-09-22 10:00:00,259.23,259.24,258.0,258.0,16.83964
2017-09-22 11:00:00,255.26,261.69,253.5,254.22,98.21461
2017-09-22 12:00:00,256.36,258.0,253.17,255.84,60.87516
2017-09-22 13:00:00,259.0,260.0,255.0,255.02,31.61152
2017-09-22 14:00:00,255.0,262.01,255.0,258.0,178.08104
2017-09-22 15:00:00,259.0,260.96,253.01,253.01,92.27349
2017-09-22 16:00:00,254.88,256.98,254.88,256.98,36.39828
2017-09-22 17:00:00,255.28,258.0,255.0,258.0,49.07009
2017-09-22 18:00:00,257.88,258.0,254.9,258.0,4.39786
2017-09-22 19:00:00,258.0,259.99,258.0,259.99,16.98272
2017-09-22 20:00:00,259.99,263.0,259.98,261.22,35.80848
2017-09-22 21:00:00,262.99,263.0,260.96,262.0,62.2434
2017-09-22 22:00:00,262.98,263.0,259.5,259.5,11.20092
2017-09-22 23:00:00,262.0,266.61,262.0,264.0,18.0177
2017-09-23 00:00:00,259.99,263.99,259.99,261.14,17.542
2017-09-23 01:00:00,261.32,261.32,255.11,255.61,75.66535
2017-09-23 02:00:00,259.99,262.0,259.96,262.0,31.64669
2017-09-23 03:00:00,263.0,263.0,263.0,263.0,10.65402
2017-09-23 04:00:00,262.0,267.0,261.34,266.6,50.39161
2017-09-23 05:00:00,267.0,268.0,265.0,265.0,27.90989
2017-09-23 06:00:00,266.0,268.0,266.0,267.5,24.8198
2017-09-23 07:00:00,267.5,268.7,263.98,265.27,16.71458
2017-09-23 08:00:00,266.99,268.95,266.99,268.74,45.44496
2017-09-23 09:00:00,268.95,271.0,268.95,270.99,47.58155
2017-09-23 10:00:00,270.72,278.01,270.72,275.0,44.64344
2017-09-23 11:00:00,279.0,282.83,276.36,282.8,144.26741
2017-09-23 12:00:00,282.8,283.09,278.88,279.0,50.8058
2017-09-23 13:00:00,278.2,283.06,275.55,280.13,30.54314
2017-09-23 14:00:00,282.82,282.88,279.98,281.0,17.74708
2017-09-23 15:00:00,281.0,282.75,277.99,280.0,64.80739
2017-09-23 16:00:00,278.21,281.65,277.07,280.94,341.43463
2017-09-23 17:00:00,281.0,283.0,280.94,281.48,232.14213
2017-09-23 18:00:00,281.5,282.9,278.07,279.44,146.02502
2017-09-23 19:00:00,279.98,285.0,279.36,283.0,324.46632
2017-09-23 20:00:00,281.3,284.99,281.18,282.12,210.60169
2017-09-23 21:00:00,282.85,283.21,278.77,278.77,369.19836
2017-09-23 22:00:00,280.61,282.99,280.44,280.73,208.17298
2017-09-23 23:00:00,280.73,286.23,280.5,285.93,291.10988
2017-09-24 00:00:00,286.5,286.5,284.18,284.58,71.24731
2017-09-24 01:00:00,284.18,290.0,282.44,290.0,283.93388
2017-09-24 02:00:00,290.0,293.86,288.23,292.42,409.40311
2017-09-24 03:00:00,292.42,294.61,289.72,293.19,198.99809
2017-09-24 04:00:00,293.19,293.19,280.44,281.38,685.26304
2017-09-24 05:00:00,281.35,285.0,280.43,282.46,376.08206
2017-09-24 06:00:00,283.5,284.0,278.77,278.77,280.80294
2017-09-24 07:00:00,278.77,279.0,275.0,278.5,275.2671
2017-09-24 08:00:00,278.95,282.0,278.5,278.98,297.59552
2017-09-24 09:00:00,278.45,279.88,277.95,278.65,286.51039
2017-09-24 10:00:00,278.65,281.54,278.45,278.5,151.98605
2017-09-24 11:00:00,278.5,282.95,278.45,280.47,210.96653
2017-09-24 12:00:00,280.51,283.0,280.4,283.0,179.31819
2017-09-24 13:00:00,282.44,288.18,282.44,287.22,314.38061
2017-09-24 14:00:00,288.09,288.09,282.44,283.95,202.35326
2017-09-24 15:00:00,283.95,287.7,282.44,284.84,273.74191
2017-09-24 16:00:00,285.5,287.14,284.79,284.79,121.95534
2017-09-24 17:00:00,284.79,286.99,284.78,285.0,49.80878
2017-09-24 18:00:00,285.0,285.57,277.06,280.55,266.13802
2017-09-24 19:00:00,280.55,284.99,280.54,284.99,177.02762
2017-09-24 20:00:00,285.0,285.56,282.92,283.0,94.74608
2017-09-24 21:00:00,282.93,285.52,282.35,284.43,130.88262
2017-09-24 22:00:00,284.43,286.98,281.97,286.43,94.66909
2017-09-24 23:00:00,286.43,287.0,281.96,282.0,142.46668
2017-09-25 00:00:00,282.0,283.59,281.34,282.2,170.88688
2017-09-25 01:00:00,281.34,283.86,281.34,281.35,134.29901
2017-09-25 02:00:00,281.35,290.8,281.34,287.53,627.7893
2017-09-25 03:00:00,287.53,288.95,285.32,285.32,210.96722
2017-09-25 04:00:00,285.02,291.3,285.02,290.85,329.96097
2017-09-25 05:00:00,290.8,291.0,287.35,288.44,195.8016
2017-09-25 06:00:00,288.44,289.59,286.47,288.44,223.63381
2017-09-25 07:00:00,288.73,289.56,287.94,289.5,221.282
2017-09-25 08:00:00,289.5,290.9,288.02,288.46,220.64884
2017-09-25 09:00:00,288.56,289.34,287.94,287.97,182.07649
2017-09-25 10:00:00,288.45,289.71,287.94,289.59,187.0666
2017-09-25 11:00:00,289.58,290.9,287.06,288.13,266.14714
2017-09-25 12:00:00,288.0,289.53,287.0,288.84,260.58392
2017-09-25 13:00:00,288.84,289.59,287.95,288.69,278.483
2017-09-25 14:00:00,288.69,297.12,288.01,295.72,423.58549
2017-09-25 15:00:00,296.0,296.0,293.03,295.0,292.79792
2017-09-25 16:00:00,295.06,299.0,293.03,293.03,495.03956
2017-09-25 17:00:00,293.03,294.33,291.03,292.69,177.6751
2017-09-25 18:00:00,292.69,294.18,291.03,293.53,250.43062
2017-09-25 19:00:00,293.53,296.01,291.54,294.43,171.66729
2017-09-25 20:00:00,294.47,297.51,294.42,295.57,171.23807
2017-09-25 21:00:00,295.57,296.82,294.62,296.68,109.72859
2017-09-25 22:00:00,296.67,296.67,294.52,294.52,106.6106
2017-09-25 23:00:00,294.58,295.15,292.81,294.42,162.08033
2017-09-26 00:00:00,294.42,296.38,294.42,294.61,85.4499
2017-09-26 01:00:00,294.51,296.81,294.51,295.0,187.15692
2017-09-26 02:00:00,295.5,296.77,295.0,295.53,213.18065
2017-09-26 03:00:00,296.06,296.69,291.25,291.26,347.58998
2017-09-26 04:00:00,291.51,295.47,291.29,292.95,249.09257
2017-09-26 05:00:00,292.95,293.48,287.94,287.94,217.5905
2017-09-26 06:00:00,287.94,292.59,287.94,290.25,172.39465
2017-09-26 07:00:00,290.25,294.0,290.09,293.5,146.21588
2017-09-26 08:00:00,293.0,293.9,289.56,292.06,182.65086
2017-09-26 09:00:00,292.06,292.95,290.05,291.43,142.19288
2017-09-26 10:00:00,292.78,294.99,291.03,292.25,274.86262
2017-09-26 11:00:00,292.27,294.1,290.0,292.82,322.82445
2017-09-26 12:00:00,292.82,295.52,292.82,293.5,186.4335
2017-09-26 13:00:00,292.0,293.93,289.54,291.25,168.16682
2017-09-26 14:00:00,291.0,292.06,289.89,291.93,146.46061
2017-09-26 15:00:00,292.06,292.42,289.53,289.54,220.09143
2017-09-26 16:00:00,289.54,291.0,286.46,287.45,326.6737
2017-09-26 17:00:00,287.45,289.59,287.45,289.14,86.73444
2017-09-26 18:00:00,289.14,289.63,287.45,288.6,117.9137
2017-09-26 19:00:00,289.25,289.25,287.0,287.55,143.7454
2017-09-26 20:00:00,287.55,289.7,286.24,287.92,190.90384
2017-09-26 21:00:00,288.46,290.48,287.92,289.45,82.15109
2017-09-26 22:00:00,289.45,290.99,287.87,289.45,192.03753
2017-09-26 23:00:00,289.45,290.02,287.85,287.9,164.41412
2017-09-27 00:00:00,289.91,290.5,287.56,290.12,261.06965
2017-09-27 01:00:00,290.09,291.28,287.56,287.56,123.716
2017-09-27 02:00:00,287.56,289.98,286.13,287.78,168.32963
2017-09-27 03:00:00,287.78,292.0,287.78,291.02,144.79353
2017-09-27 04:00:00,291.02,292.88,291.01,291.54,232.29645
2017-09-27 05:00:00,291.54,292.21,289.44,291.0,77.70217
2017-09-27 06:00:00,291.0,292.0,289.73,290.03,115.03637
2017-09-27 07:00:00,290.03,291.02,289.42,291.0,127.07702
2017-09-27 08:00:00,289.45,291.0,287.78,289.64,216.44529
2017-09-27 09:00:00,290.5,291.69,289.55,290.03,149.17949
2017-09-27 10:00:00,290.04,297.0,290.04,297.0,351.23649
2017-09-27 11:00:00,295.92,299.0,295.71,295.77,543.47314
2017-09-27 12:00:00,295.71,299.04,295.0,296.12,386.96366
2017-09-27 13:00:00,296.75,297.99,294.02,294.5,262.69641
2017-09-27 14:00:00,294.5,300.5,294.5,298.8,439.83033
2017-09-27 15:00:00,298.8,303.49,298.0,298.68,264.35459
2017-09-27 16:00:00,299.84,300.5,297.01,299.0,187.98306
2017-09-27 17:00:00,299.0,300.22,297.01,298.44,96.68279
2017-09-27 18:00:00,298.41,304.89,298.41,304.59,266.12832
2017-09-27 19:00:00,304.75,309.39,301.57,308.64,327.40997
2017-09-27 20:00:00,308.64,308.64,304.89,308.0,200.04871
2017-09-27 21:00:00,305.72,311.84,305.72,311.0,204.6104
2017-09-27 22:00:00,311.32,313.0,307.88,307.88,191.12687
2017-09-27 23:00:00,308.44,311.66,307.88,309.74,179.91348
2017-09-28 00:00:00,309.81,310.41,305.99,305.99,150.71324
2017-09-28 01:00:00,306.87,309.8,305.68,306.89,296.01899
